transaction_id,amount,transaction_type,card_type,location,time_of_day,day_of_week,transaction_hour,previous_fraud_attempts,account_age_days,device_trust_score,is_fraud
TXN-0000,234.63404498842954,in_store,Amex,Berlin,late_night,Thursday,23,1,86,20,0.0
TXN-0001,1505.0607154587606,online,Discover,Singapore,afternoon,Friday,7,1,120,63,0.0
TXN-0002,658.3728467727246,online,Mastercard,New York,afternoon,Thursday,20,0,455,94,0.0
TXN-0003,456.4712768879766,in_store,Discover,Berlin,afternoon,Wednesday,14,0,4,99,0.0
TXN-0004,84.81243523117314,in_store,Discover,Berlin,morning,Sunday,21,0,191,28,0.0
TXN-0005,84.7981459573026,online,Amex,Singapore,morning,Tuesday,19,1,940,51,0.0
TXN-0006,29.919384304340337,atm,Discover,New York,late_night,Wednesday,13,1,43,34,0.0
TXN-0007,1005.6154322399698,in_store,Amex,Berlin,afternoon,Saturday,8,0,265,31,0.0
TXN-0008,459.5410768136323,atm,Visa,Paris,morning,Monday,7,0,563,97,0.0
TXN-0009,615.6250308522951,in_store,Visa,Paris,afternoon,Sunday,16,0,1042,76,0.0
TXN-0010,10.399653999569312,in_store,Amex,Paris,evening,Monday,1,1,501,27,0.0
TXN-0011,1751.778737579156,online,Visa,New York,evening,Thursday,23,0,465,91,0.0
TXN-0012,893.2147716773376,atm,Mastercard,Berlin,evening,Sunday,2,0,639,46,0.0
TXN-0013,119.3438126244735,in_store,Discover,New York,late_night,Friday,7,0,215,81,0.0
TXN-0014,100.33949437483169,online,Mastercard,Paris,afternoon,Wednesday,11,0,598,31,0.0
TXN-0015,101.30571141612853,online,Discover,Singapore,evening,Friday,0,0,2,84,0.0
TXN-0016,181.37686473023857,online,Visa,Berlin,morning,Thursday,9,1,943,61,0.0
TXN-0017,371.9639154304272,in_store,Mastercard,Berlin,evening,Monday,19,0,213,81,0.0
TXN-0018,282.76853339016833,atm,Visa,Sydney,evening,Sunday,2,0,294,30,0.0
TXN-0019,172.11149627697074,online,Discover,Sydney,evening,Friday,5,0,107,62,0.0
TXN-0020,473.1854369498993,online,Amex,London,late_night,Friday,6,1,495,36,0.0
TXN-0021,75.11726436366934,online,Amex,Tokyo,morning,Monday,19,0,29,51,0.0
TXN-0022,172.75775600120113,atm,Mastercard,Sydney,afternoon,Sunday,22,1,752,59,0.0
TXN-0023,228.13860911042352,in_store,Visa,New York,morning,Wednesday,17,0,642,42,0.0
TXN-0024,304.4673439298875,in_store,Visa,Sydney,afternoon,Monday,10,3,88,75,0.0
TXN-0025,768.968005515456,online,Mastercard,London,late_night,Friday,18,0,604,25,0.0
TXN-0026,111.36793106434514,online,Amex,Berlin,late_night,Wednesday,4,0,563,69,0.0
TXN-0027,361.01457751656386,online,Discover,London,late_night,Wednesday,18,0,365,56,0.0
TXN-0028,448.7523606548803,online,Mastercard,Berlin,late_night,Monday,10,1,170,83,0.0
TXN-0029,23.781924878204272,in_store,Discover,Singapore,afternoon,Friday,23,1,115,73,0.0
TXN-0030,467.6665103248051,in_store,Amex,Singapore,evening,Thursday,11,0,96,91,0.0
TXN-0031,93.48062598870821,atm,Visa,Berlin,afternoon,Friday,9,0,140,68,0.0
TXN-0032,33.63196543965212,atm,Amex,Tokyo,morning,Tuesday,7,1,853,30,0.0
TXN-0033,1486.8438967534653,online,Mastercard,Sydney,late_night,Sunday,23,1,29,68,0.0
TXN-0034,1685.3151712305862,in_store,Visa,New York,late_night,Saturday,8,0,644,40,0.0
TXN-0035,826.1657864064383,atm,Mastercard,New York,morning,Thursday,3,0,156,85,0.0
TXN-0036,181.64392998437916,in_store,Mastercard,Paris,afternoon,Wednesday,4,1,269,82,0.0
TXN-0037,51.38865750125312,online,Amex,Berlin,evening,Thursday,20,1,577,47,0.0
TXN-0038,576.3753815493309,online,Mastercard,New York,evening,Sunday,7,1,787,36,0.0
TXN-0039,290.0454212926992,online,Amex,Tokyo,morning,Wednesday,22,0,154,25,0.0
TXN-0040,65.07611697722432,atm,Visa,Berlin,evening,Sunday,8,0,226,38,0.0
TXN-0041,341.7736140670751,in_store,Amex,Tokyo,afternoon,Wednesday,14,1,195,75,0.0
TXN-0042,17.49686072173954,online,Visa,New York,afternoon,Thursday,14,1,4,47,0.0
TXN-0043,1200.2114436965119,in_store,Amex,New York,morning,Wednesday,15,1,128,85,0.0
TXN-0044,149.72888842034305,in_store,Discover,Paris,afternoon,Wednesday,13,1,224,57,0.0
TXN-0045,543.1278992824901,online,Discover,New York,late_night,Tuesday,7,0,193,56,0.0
TXN-0046,186.77329082881184,online,Mastercard,Berlin,morning,Friday,17,0,467,87,0.0
TXN-0047,367.0554479546143,in_store,Amex,Singapore,afternoon,Friday,9,0,177,68,0.0
TXN-0048,395.6118989908988,online,Amex,Berlin,morning,Saturday,19,0,245,62,0.0
TXN-0049,102.19429975395288,in_store,Visa,Berlin,evening,Saturday,5,0,204,55,0.0
TXN-0050,1746.4035663681132,online,Mastercard,Paris,afternoon,Tuesday,11,1,492,77,0.0
TXN-0051,746.1226885690704,in_store,Amex,Paris,late_night,Saturday,1,0,725,32,0.0
TXN-0052,1402.547209645791,online,Mastercard,New York,afternoon,Sunday,6,1,277,71,0.0
TXN-0053,1126.0759987670983,online,Discover,London,morning,Thursday,15,0,568,77,0.0
TXN-0054,455.5272061916375,in_store,Amex,London,morning,Monday,2,2,128,51,0.0
TXN-0055,1274.7176896347025,online,Amex,Paris,afternoon,Sunday,12,0,284,79,0.0
TXN-0056,46.32772947655781,online,Mastercard,New York,late_night,Monday,2,1,154,77,0.0
TXN-0057,109.06734731563373,online,Amex,London,late_night,Monday,17,0,195,75,0.0
TXN-0058,23.140982843415976,in_store,Mastercard,New York,late_night,Tuesday,10,0,481,47,0.0
TXN-0059,196.7660434015434,in_store,Amex,New York,morning,Sunday,7,0,778,20,0.0
TXN-0060,246.0651458971093,in_store,Visa,New York,afternoon,Tuesday,5,0,47,61,0.0
TXN-0061,158.28022160441284,online,Mastercard,Sydney,evening,Wednesday,0,0,367,67,0.0
TXN-0062,882.278932620467,online,Amex,Berlin,morning,Monday,0,0,318,59,0.0
TXN-0063,220.61349976493509,online,Discover,New York,late_night,Thursday,22,1,46,82,0.0
TXN-0064,164.9014200671246,online,Amex,Sydney,afternoon,Saturday,7,2,86,95,0.0
TXN-0065,391.203541603873,online,Discover,Paris,late_night,Thursday,4,0,135,91,0.0
TXN-0066,75.94907391031443,online,Discover,London,evening,Saturday,15,0,66,99,0.0
TXN-0067,810.2417978873656,online,Visa,Berlin,late_night,Monday,10,0,101,23,1.0
TXN-0068,38.73793440565451,atm,Mastercard,Singapore,late_night,Monday,4,1,113,57,0.0
TXN-0069,2167.07316979366,online,Amex,London,evening,Monday,3,1,149,46,0.0
TXN-0070,739.7418881207557,online,Visa,Berlin,afternoon,Tuesday,5,0,505,28,1.0
TXN-0071,110.76972025294297,in_store,Amex,Singapore,morning,Sunday,13,1,309,35,0.0
TXN-0072,2.7687101879677374,online,Discover,London,afternoon,Saturday,21,0,1564,75,0.0
TXN-0073,844.948388743063,in_store,Mastercard,Berlin,evening,Sunday,18,0,195,95,0.0
TXN-0074,613.5479536935223,in_store,Amex,London,late_night,Tuesday,8,0,511,50,0.0
TXN-0075,652.8314543939995,atm,Amex,London,afternoon,Tuesday,11,0,748,33,0.0
TXN-0076,737.6072630217567,online,Discover,Singapore,morning,Friday,10,1,414,44,0.0
TXN-0077,38.464632756898176,atm,Amex,London,evening,Thursday,13,1,193,53,0.0
TXN-0078,221.94633620811624,online,Amex,London,afternoon,Thursday,22,1,511,86,0.0
TXN-0079,61.575052302224826,online,Discover,Singapore,morning,Wednesday,15,1,83,43,0.0
TXN-0080,994.2647858291114,online,Visa,Paris,evening,Tuesday,0,1,144,92,0.0
TXN-0081,488.150595856187,atm,Discover,New York,morning,Saturday,12,1,288,45,0.0
TXN-0082,200.9094006256505,online,Visa,Tokyo,evening,Friday,22,1,312,39,0.0
TXN-0083,32.83403290239144,online,Mastercard,Sydney,late_night,Friday,20,2,8,83,1.0
TXN-0084,186.24417520517687,in_store,Visa,Tokyo,afternoon,Sunday,20,1,1059,29,0.0
TXN-0085,196.65710659206567,online,Visa,Tokyo,morning,Thursday,12,0,435,86,0.0
TXN-0086,653.9378919788704,online,Mastercard,Berlin,evening,Tuesday,1,0,249,43,0.0
TXN-0087,507.44467946300995,online,Visa,New York,morning,Wednesday,3,0,987,24,0.0
TXN-0088,1091.1259562007574,online,Discover,Berlin,morning,Tuesday,5,1,211,86,0.0
TXN-0089,319.5330666881549,online,Visa,New York,afternoon,Sunday,22,0,1435,77,0.0
TXN-0090,63.68619680775095,online,Mastercard,Singapore,late_night,Monday,4,3,262,46,0.0
TXN-0091,624.5631721582997,in_store,Discover,Singapore,morning,Tuesday,2,1,44,99,0.0
TXN-0092,715.196376538432,online,Mastercard,New York,evening,Sunday,0,0,528,34,0.0
TXN-0093,411.9437474429144,online,Mastercard,London,evening,Monday,3,1,414,54,0.0
TXN-0094,736.9449833606823,in_store,Amex,Paris,late_night,Monday,19,1,541,95,0.0
TXN-0095,340.407365755139,online,Amex,London,evening,Wednesday,1,0,1104,72,0.0
TXN-0096,369.83941938863353,in_store,Mastercard,Paris,late_night,Saturday,4,0,546,63,0.0
TXN-0097,278.90709695421367,online,Mastercard,Berlin,evening,Thursday,2,1,344,45,0.0
TXN-0098,12.873886995056864,online,Mastercard,Paris,afternoon,Tuesday,8,1,710,66,0.0
TXN-0099,57.08371759593292,online,Amex,Berlin,morning,Monday,19,0,408,53,0.0
TXN-0100,15.966840646526911,online,Amex,Singapore,afternoon,Tuesday,5,1,191,69,0.0
TXN-0101,505.8647754637747,online,Visa,Tokyo,morning,Saturday,17,0,791,31,0.0
TXN-0102,188.69835439754993,online,Visa,Singapore,morning,Thursday,5,1,91,23,0.0
TXN-0103,355.218588567095,online,Mastercard,Singapore,morning,Saturday,18,0,457,67,0.0
TXN-0104,1190.6327649229877,online,Discover,Tokyo,afternoon,Thursday,11,0,778,74,0.0
TXN-0105,143.36941149164917,online,Discover,Paris,morning,Friday,10,1,479,20,0.0
TXN-0106,264.1409874413363,online,Amex,Paris,afternoon,Thursday,1,0,436,85,0.0
TXN-0107,704.3745737692917,online,Amex,Berlin,late_night,Wednesday,14,1,509,49,0.0
TXN-0108,129.902578458697,online,Amex,London,evening,Saturday,11,0,228,22,0.0
TXN-0109,40.05213927508818,in_store,Mastercard,Berlin,evening,Monday,11,0,756,40,0.0
TXN-0110,171.07015194352854,online,Discover,London,morning,Friday,8,0,83,68,0.0
TXN-0111,87.90417925003142,in_store,Visa,Singapore,afternoon,Wednesday,20,0,49,81,0.0
TXN-0112,1327.4750429403123,in_store,Mastercard,Tokyo,evening,Tuesday,23,0,122,57,0.0
TXN-0113,825.4435402422847,online,Visa,Singapore,afternoon,Saturday,1,1,276,34,0.0
TXN-0114,501.7470952602655,in_store,Visa,New York,afternoon,Sunday,21,0,260,71,0.0
TXN-0115,1025.7598652604065,atm,Mastercard,Paris,morning,Sunday,2,0,627,98,0.0
TXN-0116,813.9844703702782,online,Visa,London,evening,Monday,11,0,189,65,0.0
TXN-0117,103.24773817931954,online,Discover,Berlin,morning,Thursday,15,0,241,44,0.0
TXN-0118,1115.4067026177804,in_store,Visa,Tokyo,morning,Monday,20,1,4,40,0.0
TXN-0119,387.549950983086,in_store,Discover,London,evening,Sunday,23,2,192,24,0.0
TXN-0120,823.6741456517831,online,Discover,Berlin,evening,Tuesday,0,1,380,89,0.0
TXN-0121,1132.1213246431157,online,Discover,Paris,late_night,Friday,20,1,5,66,0.0
TXN-0122,191.36535820915924,online,Amex,Singapore,late_night,Friday,2,0,120,87,0.0
TXN-0123,58.296080061925416,online,Visa,Paris,afternoon,Saturday,19,0,85,37,1.0
TXN-0124,129.34337306969067,in_store,Mastercard,Sydney,evening,Friday,1,0,15,40,0.0
TXN-0125,278.5288463743072,online,Mastercard,New York,late_night,Saturday,8,0,238,42,0.0
TXN-0126,851.9148633194725,online,Visa,Sydney,afternoon,Saturday,18,0,73,83,0.0
TXN-0127,985.6724859399167,in_store,Amex,Tokyo,afternoon,Saturday,14,0,496,86,0.0
TXN-0128,3.4882045908253234,online,Amex,London,afternoon,Sunday,17,2,687,59,0.0
TXN-0129,357.4380796692779,online,Discover,Tokyo,late_night,Sunday,10,0,287,29,1.0
TXN-0130,270.13666045933564,in_store,Visa,Singapore,evening,Thursday,22,2,1460,71,0.0
TXN-0131,125.58366913791225,in_store,Visa,Berlin,morning,Wednesday,15,0,218,91,0.0
TXN-0132,63.84019577282341,online,Mastercard,Paris,afternoon,Saturday,21,0,262,94,0.0
TXN-0133,205.95428993121624,online,Visa,Sydney,late_night,Saturday,16,0,1653,80,0.0
TXN-0134,1431.5605613455748,online,Amex,Sydney,late_night,Wednesday,4,0,96,83,0.0
TXN-0135,195.1919014407372,online,Visa,Singapore,morning,Monday,11,1,1042,24,0.0
TXN-0136,365.72640288007597,online,Mastercard,Sydney,morning,Saturday,10,0,15,72,1.0
TXN-0137,607.0434884404274,online,Discover,Singapore,late_night,Thursday,14,1,215,74,0.0
TXN-0138,225.98724948348118,online,Mastercard,Tokyo,evening,Friday,2,0,26,56,0.0
TXN-0139,1783.8990691458498,online,Mastercard,Paris,morning,Friday,0,0,476,75,0.0
TXN-0140,1641.004932270699,online,Discover,London,late_night,Tuesday,19,1,342,78,0.0
TXN-0141,145.03064749610263,online,Mastercard,Berlin,morning,Tuesday,15,2,447,88,0.0
TXN-0142,343.82963923192364,online,Mastercard,London,evening,Friday,1,0,171,92,0.0
TXN-0143,178.9652300395234,online,Visa,Tokyo,afternoon,Friday,1,1,168,78,0.0
TXN-0144,167.62483819054086,online,Visa,Berlin,morning,Sunday,2,2,16,21,0.0
TXN-0145,18.792238882761268,in_store,Discover,Sydney,evening,Thursday,7,0,157,84,0.0
TXN-0146,470.24603549129654,online,Visa,New York,late_night,Wednesday,23,2,966,79,0.0
TXN-0147,349.2598164148192,in_store,Visa,Tokyo,morning,Tuesday,14,0,174,70,0.0
TXN-0148,26.42554369019624,in_store,Mastercard,Tokyo,morning,Sunday,6,0,649,49,0.0
TXN-0149,163.3129605051847,online,Amex,Paris,late_night,Sunday,5,2,674,30,0.0
TXN-0150,1194.4304755446701,online,Visa,London,afternoon,Wednesday,8,0,170,95,0.0
TXN-0151,136.93027607103852,online,Amex,Tokyo,late_night,Sunday,19,0,364,58,0.0
TXN-0152,78.26543049273488,online,Visa,Tokyo,morning,Thursday,0,1,36,96,0.0
TXN-0153,336.1360547368181,in_store,Visa,Sydney,late_night,Friday,7,0,39,91,0.0
TXN-0154,2122.01849130763,online,Discover,Sydney,evening,Saturday,22,0,18,82,0.0
TXN-0155,138.5724067798631,online,Discover,Berlin,late_night,Wednesday,22,2,317,83,0.0
TXN-0156,557.5775051486467,online,Discover,Singapore,morning,Friday,2,0,202,80,0.0
TXN-0157,716.9438131197314,online,Amex,Singapore,late_night,Friday,3,2,289,73,0.0
TXN-0158,135.6665861679029,in_store,Mastercard,New York,afternoon,Monday,14,0,268,92,0.0
TXN-0159,651.374464246158,online,Visa,Singapore,late_night,Wednesday,5,0,157,77,0.0
TXN-0160,229.261399632152,online,Visa,Paris,afternoon,Sunday,14,1,413,75,0.0
TXN-0161,500.25187386588567,atm,Visa,New York,evening,Saturday,20,0,518,53,0.0
TXN-0162,501.9189135688191,in_store,Amex,Berlin,afternoon,Wednesday,2,1,5,50,0.0
TXN-0163,383.6926249761744,online,Discover,Sydney,late_night,Sunday,20,0,84,71,0.0
TXN-0164,47.31457940581048,online,Mastercard,Singapore,morning,Friday,20,1,455,95,0.0
TXN-0165,901.8223971231484,online,Amex,London,afternoon,Saturday,13,0,178,20,0.0
TXN-0166,193.4051468336983,online,Discover,Sydney,evening,Sunday,19,0,396,74,0.0
TXN-0167,103.21605330377827,online,Amex,Paris,afternoon,Thursday,13,1,155,41,0.0
TXN-0168,20.814879897172602,online,Mastercard,Sydney,afternoon,Sunday,3,2,180,59,0.0
TXN-0169,446.8892022972917,online,Discover,Paris,afternoon,Monday,11,1,63,20,0.0
TXN-0170,565.9258671336744,online,Amex,Paris,evening,Friday,16,0,109,84,0.0
TXN-0171,8.36347377923531,in_store,Mastercard,Paris,late_night,Sunday,6,0,339,82,0.0
TXN-0172,358.8152922747442,online,Visa,Berlin,afternoon,Tuesday,8,1,207,73,0.0
TXN-0173,128.41207352747884,online,Mastercard,Paris,afternoon,Tuesday,2,2,543,61,0.0
TXN-0174,518.062170773846,online,Visa,Paris,morning,Monday,12,1,698,40,0.0
TXN-0175,95.80211126956688,atm,Amex,London,evening,Thursday,14,0,284,98,0.0
TXN-0176,587.1062637838595,online,Discover,New York,afternoon,Friday,17,0,518,41,0.0
TXN-0177,244.4793504905509,online,Discover,Tokyo,evening,Wednesday,18,0,133,57,0.0
TXN-0178,1380.1719089021535,atm,Amex,New York,afternoon,Monday,0,1,195,99,0.0
TXN-0179,73.97220671963947,in_store,Discover,Paris,late_night,Thursday,5,1,455,27,0.0
TXN-0180,208.56621699758588,in_store,Discover,London,late_night,Wednesday,22,0,178,81,0.0
TXN-0181,60.22214251849821,online,Visa,Sydney,afternoon,Tuesday,1,1,324,66,0.0
TXN-0182,1293.0951985753618,online,Amex,London,late_night,Tuesday,23,2,74,36,0.0
TXN-0183,1049.166853580497,in_store,Mastercard,Paris,afternoon,Wednesday,13,1,334,36,0.0
TXN-0184,149.16368503074446,atm,Visa,London,late_night,Monday,5,1,721,32,0.0
TXN-0185,539.3813695219573,online,Amex,Singapore,morning,Tuesday,13,1,740,36,0.0
TXN-0186,849.7420363196106,online,Visa,London,morning,Friday,3,2,470,57,0.0
TXN-0187,405.066180343254,online,Mastercard,Paris,morning,Saturday,20,0,499,97,0.0
TXN-0188,377.13970509697305,in_store,Mastercard,Berlin,evening,Sunday,7,1,297,64,0.0
TXN-0189,138.43852271895156,online,Amex,Singapore,evening,Wednesday,2,0,320,25,0.0
TXN-0190,48.86307023747037,online,Mastercard,London,morning,Wednesday,18,0,52,54,0.0
TXN-0191,1137.5616125972615,online,Visa,Tokyo,evening,Tuesday,13,0,214,33,0.0
TXN-0192,1153.3872138242134,online,Mastercard,Tokyo,late_night,Monday,19,1,218,91,0.0
TXN-0193,501.3349597414424,online,Visa,London,afternoon,Friday,16,0,1161,80,0.0
TXN-0194,207.02325490566196,online,Visa,Berlin,afternoon,Monday,7,0,205,34,1.0
TXN-0195,214.78380790582196,in_store,Mastercard,Sydney,afternoon,Thursday,23,0,290,73,0.0
TXN-0196,647.2327148635591,online,Amex,Paris,morning,Thursday,13,0,278,46,0.0
TXN-0197,1137.0486745536261,online,Discover,Tokyo,evening,Saturday,5,0,369,32,0.0
TXN-0198,1090.5662846983066,online,Mastercard,Sydney,late_night,Tuesday,22,0,503,50,0.0
TXN-0199,756.7810959654516,online,Visa,London,late_night,Tuesday,21,0,93,54,0.0
TXN-0200,513.6553467838525,online,Visa,Sydney,morning,Tuesday,15,1,274,79,0.0
TXN-0201,43.945863098042025,online,Mastercard,Singapore,late_night,Saturday,18,1,638,25,0.0
TXN-0202,88.14710734170575,online,Amex,New York,late_night,Thursday,13,0,227,88,0.0
TXN-0203,1144.1152500887529,online,Amex,Tokyo,late_night,Monday,18,1,119,77,0.0
TXN-0204,466.2469734827948,online,Visa,London,late_night,Saturday,2,1,388,68,0.0
TXN-0205,4.619802805497205,atm,Visa,Paris,evening,Saturday,9,0,633,42,0.0
TXN-0206,53.49845071797466,online,Amex,Berlin,late_night,Monday,18,1,23,53,0.0
TXN-0207,544.5811936451205,in_store,Discover,Singapore,afternoon,Tuesday,8,0,547,45,0.0
TXN-0208,2.5372185258985014,online,Mastercard,London,morning,Friday,19,0,629,66,0.0
TXN-0209,87.65790805209953,in_store,Visa,Paris,evening,Monday,12,0,225,24,1.0
TXN-0210,397.84892306946585,in_store,Visa,Berlin,late_night,Thursday,6,2,1493,39,1.0
TXN-0211,588.6576433274063,online,Amex,Berlin,evening,Wednesday,13,0,563,25,0.0
TXN-0212,527.7207410676243,online,Mastercard,London,late_night,Wednesday,8,0,542,89,0.0
TXN-0213,126.97493365401225,online,Amex,Singapore,afternoon,Sunday,22,0,502,78,0.0
TXN-0214,622.7086444492694,online,Mastercard,Sydney,morning,Sunday,18,1,59,83,0.0
TXN-0215,135.41187952640297,atm,Mastercard,Sydney,late_night,Saturday,14,1,89,37,1.0
TXN-0216,196.8174544590422,in_store,Mastercard,Berlin,late_night,Wednesday,19,0,227,23,0.0
TXN-0217,686.1787758328953,atm,Visa,Sydney,late_night,Friday,13,1,111,36,0.0
TXN-0218,524.386907151384,online,Discover,New York,late_night,Tuesday,23,0,195,33,0.0
TXN-0219,945.9780387317005,in_store,Amex,Berlin,morning,Thursday,5,1,800,97,0.0
TXN-0220,535.9066440848812,atm,Discover,Berlin,morning,Sunday,20,1,634,32,0.0
TXN-0221,420.0221527936287,online,Amex,Paris,afternoon,Friday,3,2,362,26,0.0
TXN-0222,49.178530724205245,online,Mastercard,Sydney,morning,Thursday,7,0,712,63,0.0
TXN-0223,229.20815360351003,in_store,Visa,Singapore,late_night,Thursday,16,1,558,34,0.0
TXN-0224,154.0800739294156,online,Discover,Berlin,afternoon,Tuesday,8,1,204,38,0.0
TXN-0225,139.85010183121062,in_store,Visa,Singapore,afternoon,Saturday,0,1,81,82,0.0
TXN-0226,1806.154703081463,online,Amex,New York,afternoon,Wednesday,23,1,263,54,0.0
TXN-0227,249.6937485200119,in_store,Visa,Paris,late_night,Tuesday,19,1,486,54,0.0
TXN-0228,1113.0276056242615,online,Visa,London,evening,Friday,13,0,209,38,0.0
TXN-0229,498.66719286824156,online,Discover,Singapore,late_night,Saturday,10,1,401,39,0.0
TXN-0230,791.9126263441999,online,Mastercard,Berlin,morning,Friday,20,1,36,54,0.0
TXN-0231,349.21766219438524,in_store,Visa,New York,morning,Saturday,2,0,503,51,0.0
TXN-0232,430.0779513207925,in_store,Mastercard,Tokyo,late_night,Sunday,8,0,611,67,0.0
TXN-0233,339.14671667084673,online,Amex,New York,late_night,Friday,13,0,447,63,0.0
TXN-0234,108.60744766261925,online,Visa,New York,afternoon,Tuesday,8,0,1248,43,0.0
TXN-0235,640.8809015329019,in_store,Discover,Paris,late_night,Saturday,3,1,639,80,0.0
TXN-0236,164.78868418313147,online,Amex,London,afternoon,Saturday,3,2,851,36,0.0
TXN-0237,12.308240540344308,in_store,Amex,Tokyo,morning,Thursday,7,2,989,90,0.0
TXN-0238,518.484393147637,online,Discover,Sydney,afternoon,Thursday,1,0,589,69,0.0
TXN-0239,97.46678511241134,online,Visa,Sydney,late_night,Monday,8,0,409,84,0.0
TXN-0240,1410.5415736366515,online,Visa,Singapore,morning,Friday,13,0,2,51,0.0
TXN-0241,1538.7812063940116,online,Amex,New York,evening,Thursday,21,1,228,55,0.0
TXN-0242,1231.7549423169207,in_store,Visa,Paris,afternoon,Monday,8,1,309,32,0.0
TXN-0243,231.14369824868336,online,Mastercard,Paris,morning,Sunday,23,0,132,89,0.0
TXN-0244,7.788657685972192,online,Discover,Sydney,afternoon,Sunday,22,1,139,77,0.0
TXN-0245,1317.761728665945,in_store,Mastercard,Singapore,morning,Thursday,15,0,1185,33,0.0
TXN-0246,279.4691385265307,online,Visa,Singapore,morning,Friday,16,1,811,56,0.0
TXN-0247,1700.421008061028,online,Amex,Singapore,afternoon,Saturday,15,1,690,98,0.0
TXN-0248,1656.8677380651027,atm,Discover,Tokyo,evening,Wednesday,11,0,190,87,0.0
TXN-0249,958.6935085897095,in_store,Visa,London,morning,Friday,2,1,5,59,0.0
TXN-0250,174.38803408608015,online,Visa,Tokyo,morning,Tuesday,10,0,30,78,0.0
TXN-0251,243.14596604934678,atm,Amex,Berlin,morning,Sunday,13,0,136,99,0.0
TXN-0252,952.3633262390399,in_store,Amex,Berlin,evening,Thursday,17,1,5,35,0.0
TXN-0253,190.57311571535854,online,Mastercard,London,evening,Thursday,20,0,6,81,0.0
TXN-0254,92.85930814787739,online,Discover,Sydney,late_night,Saturday,20,0,906,23,1.0
TXN-0255,406.8684960301139,in_store,Discover,London,afternoon,Tuesday,4,0,447,64,0.0
TXN-0256,1375.6467354035208,in_store,Amex,Paris,evening,Saturday,15,2,134,47,0.0
TXN-0257,595.4127988789686,online,Mastercard,Berlin,afternoon,Tuesday,19,1,51,85,0.0
TXN-0258,422.05616821782775,in_store,Discover,New York,late_night,Wednesday,4,2,261,50,0.0
TXN-0259,51.11409867466144,in_store,Amex,New York,afternoon,Sunday,2,2,1,22,0.0
TXN-0260,477.26535775885884,online,Visa,Sydney,evening,Thursday,11,0,1017,27,0.0
TXN-0261,2305.2848739231586,online,Discover,Paris,afternoon,Thursday,0,0,195,43,0.0
TXN-0262,75.46029332113207,online,Mastercard,Tokyo,evening,Wednesday,20,2,187,34,0.0
TXN-0263,365.24766249075185,in_store,Mastercard,Paris,afternoon,Monday,8,1,180,62,0.0
TXN-0264,1049.3043189503971,online,Mastercard,New York,evening,Sunday,8,2,26,50,0.0
TXN-0265,675.0171241768351,online,Visa,New York,evening,Saturday,3,0,371,92,0.0
TXN-0266,597.0372126508365,in_store,Discover,Berlin,afternoon,Wednesday,2,1,481,64,0.0
TXN-0267,606.143778112245,in_store,Discover,Paris,late_night,Saturday,16,1,411,85,0.0
TXN-0268,222.74617115747455,online,Visa,Paris,morning,Friday,1,0,54,27,0.0
TXN-0269,173.78104213354757,in_store,Discover,New York,late_night,Thursday,23,1,315,90,1.0
TXN-0270,828.6872536298562,online,Visa,Tokyo,afternoon,Saturday,0,0,307,76,0.0
TXN-0271,830.6640995435143,in_store,Visa,Sydney,late_night,Tuesday,7,0,740,99,0.0
TXN-0272,1008.9750236839574,online,Visa,Singapore,evening,Saturday,12,1,173,49,0.0
TXN-0273,1222.3079809183182,online,Mastercard,Sydney,morning,Friday,22,1,169,93,0.0
TXN-0274,358.04661846645183,in_store,Discover,Paris,afternoon,Sunday,14,2,351,37,0.0
TXN-0275,348.0921887755996,online,Visa,Sydney,afternoon,Thursday,7,0,365,88,0.0
TXN-0276,800.4749661542437,online,Discover,New York,afternoon,Wednesday,11,0,231,58,0.0
TXN-0277,524.8595374439001,in_store,Mastercard,New York,morning,Friday,21,1,213,79,0.0
TXN-0278,605.2753242557585,in_store,Visa,Paris,evening,Thursday,11,0,248,62,0.0
TXN-0279,794.3097374771024,in_store,Amex,Paris,afternoon,Saturday,13,0,720,64,0.0
TXN-0280,1103.6617381733836,in_store,Mastercard,Singapore,late_night,Sunday,14,0,225,42,0.0
TXN-0281,206.2412035688271,online,Amex,Singapore,afternoon,Monday,14,0,1026,88,0.0
TXN-0282,235.46839436377817,online,Discover,Berlin,afternoon,Sunday,8,2,255,25,0.0
TXN-0283,49.34801959368028,online,Discover,Paris,afternoon,Monday,18,0,1087,75,0.0
TXN-0284,431.70701330471735,online,Mastercard,Tokyo,afternoon,Tuesday,19,0,652,23,0.0
TXN-0285,18.302052105428498,atm,Discover,Sydney,evening,Sunday,21,4,164,42,0.0
TXN-0286,313.3034740910548,online,Amex,Paris,late_night,Thursday,7,2,727,25,0.0
TXN-0287,391.147292843563,online,Visa,London,evening,Monday,20,1,42,51,0.0
TXN-0288,168.81533015726126,online,Visa,Berlin,late_night,Wednesday,18,1,945,37,1.0
TXN-0289,446.81626507308766,atm,Visa,London,afternoon,Thursday,5,0,364,34,0.0
TXN-0290,15.487531050737273,online,Mastercard,New York,morning,Wednesday,19,1,20,59,1.0
TXN-0291,19.03174964139469,online,Discover,Singapore,evening,Sunday,18,0,377,92,0.0
TXN-0292,864.675684769068,online,Amex,Sydney,morning,Wednesday,3,0,1335,93,0.0
TXN-0293,223.29251210387235,in_store,Discover,Paris,evening,Monday,22,1,26,25,0.0
TXN-0294,67.94452064871399,online,Discover,London,afternoon,Thursday,6,0,295,82,0.0
TXN-0295,369.3267941395078,in_store,Discover,Sydney,evening,Saturday,3,2,502,86,0.0
TXN-0296,734.8239702228676,atm,Visa,New York,afternoon,Friday,21,2,606,30,1.0
TXN-0297,121.55900171495168,online,Amex,Singapore,evening,Monday,11,0,194,62,0.0
TXN-0298,487.60980932824646,in_store,Amex,Tokyo,afternoon,Monday,12,0,83,36,0.0
TXN-0299,44.60551449494864,atm,Discover,Berlin,afternoon,Saturday,2,0,15,23,0.0
TXN-0300,26.5325479551547,in_store,Visa,Sydney,late_night,Thursday,21,0,316,82,0.0
TXN-0301,378.95447031276046,online,Visa,Sydney,afternoon,Thursday,11,0,220,87,0.0
TXN-0302,388.9552213473711,online,Amex,Tokyo,late_night,Sunday,1,0,1084,60,0.0
TXN-0303,507.26872410230794,in_store,Visa,Sydney,afternoon,Wednesday,23,1,22,24,0.0
TXN-0304,647.4802814583421,online,Visa,New York,morning,Sunday,1,0,422,51,0.0
TXN-0305,1861.7785043499964,in_store,Visa,New York,afternoon,Saturday,22,1,9,89,0.0
TXN-0306,363.1455596151781,atm,Mastercard,Tokyo,morning,Sunday,8,0,68,54,0.0
TXN-0307,195.0098570529894,atm,Discover,Berlin,morning,Saturday,0,1,220,41,0.0
TXN-0308,792.8269898663432,online,Amex,Paris,afternoon,Thursday,7,1,221,84,0.0
TXN-0309,157.92573271806864,online,Amex,London,morning,Wednesday,22,0,422,41,0.0
TXN-0310,288.99171563665067,atm,Mastercard,Paris,late_night,Sunday,5,1,879,30,0.0
TXN-0311,40.85258429183495,in_store,Discover,Sydney,evening,Monday,5,0,371,96,0.0
TXN-0312,12.83880477073719,online,Amex,London,afternoon,Tuesday,21,0,1120,22,0.0
TXN-0313,1643.689961634301,atm,Visa,Tokyo,morning,Friday,17,0,778,28,0.0
TXN-0314,903.8838210575312,in_store,Amex,Tokyo,afternoon,Monday,16,1,320,79,0.0
TXN-0315,595.3213663996709,online,Visa,Berlin,late_night,Thursday,11,0,654,95,0.0
TXN-0316,262.9298222325709,online,Mastercard,London,afternoon,Friday,5,0,375,33,0.0
TXN-0317,95.15326807105437,online,Visa,New York,afternoon,Tuesday,7,0,29,37,0.0
TXN-0318,85.06037078642707,online,Amex,London,morning,Tuesday,18,0,492,92,0.0
TXN-0319,144.0029945632918,online,Amex,Sydney,late_night,Wednesday,9,0,36,42,0.0
TXN-0320,398.3953241566573,in_store,Amex,New York,evening,Friday,0,1,329,93,0.0
TXN-0321,626.9246438883879,online,Mastercard,Singapore,evening,Wednesday,12,0,442,66,0.0
TXN-0322,539.6951748483992,online,Mastercard,Singapore,morning,Monday,16,0,25,88,0.0
TXN-0323,164.20613069449797,online,Discover,Singapore,afternoon,Saturday,2,0,95,66,0.0
TXN-0324,1549.0517492781532,online,Amex,Tokyo,morning,Saturday,7,1,902,49,0.0
TXN-0325,669.5087024376131,atm,Visa,London,morning,Saturday,13,0,349,44,0.0
TXN-0326,404.11524096566563,online,Mastercard,Singapore,morning,Friday,2,0,103,47,0.0
TXN-0327,473.01523601871753,online,Amex,Paris,afternoon,Saturday,15,1,428,44,0.0
TXN-0328,272.01893276602567,in_store,Amex,Berlin,late_night,Monday,12,0,331,93,0.0
TXN-0329,142.33064613703175,online,Mastercard,Paris,morning,Wednesday,19,1,254,97,0.0
TXN-0330,220.0070646615562,online,Discover,Singapore,afternoon,Friday,23,2,1364,77,0.0
TXN-0331,709.0909238783566,online,Mastercard,Berlin,late_night,Wednesday,16,0,419,60,0.0
TXN-0332,7.249039860402138,online,Mastercard,Sydney,morning,Friday,12,0,171,44,0.0
TXN-0333,61.69019611998802,online,Visa,Paris,evening,Wednesday,5,0,587,97,0.0
TXN-0334,23.547188476260263,online,Visa,London,late_night,Tuesday,16,1,788,67,0.0
TXN-0335,20.790725958646213,online,Discover,London,morning,Wednesday,13,0,48,29,0.0
TXN-0336,967.1015168078293,atm,Amex,Paris,late_night,Saturday,16,1,81,94,0.0
TXN-0337,608.1203058503442,online,Mastercard,Singapore,late_night,Tuesday,7,0,88,30,0.0
TXN-0338,321.3922972064462,online,Discover,London,late_night,Wednesday,10,0,428,40,0.0
TXN-0339,51.478459223906626,in_store,Visa,Sydney,late_night,Friday,19,0,337,64,0.0
TXN-0340,338.25898289861664,online,Mastercard,New York,late_night,Friday,0,1,352,26,0.0
TXN-0341,320.7251660471856,in_store,Amex,Singapore,late_night,Friday,6,0,1031,83,0.0
TXN-0342,95.09735640011249,online,Visa,Sydney,morning,Thursday,20,0,545,83,0.0
TXN-0343,284.4495656511619,atm,Visa,Berlin,evening,Monday,20,0,49,21,1.0
TXN-0344,254.16830729160344,online,Visa,Sydney,afternoon,Friday,16,1,155,95,0.0
TXN-0345,478.36121645656726,online,Discover,Singapore,late_night,Tuesday,9,0,208,61,0.0
TXN-0346,504.05726802045604,online,Amex,Berlin,afternoon,Friday,10,1,184,73,0.0
TXN-0347,23.181162010267364,atm,Mastercard,Singapore,morning,Thursday,21,0,403,94,0.0
TXN-0348,234.69200232753076,online,Discover,London,late_night,Saturday,8,0,811,35,0.0
TXN-0349,491.5624973913643,online,Discover,New York,evening,Tuesday,8,1,133,37,0.0
TXN-0350,349.71972630389484,online,Discover,Singapore,afternoon,Thursday,23,0,292,78,0.0
TXN-0351,970.6747265877193,in_store,Visa,Singapore,late_night,Saturday,4,1,568,35,0.0
TXN-0352,537.4873820274989,online,Amex,London,morning,Sunday,16,0,196,25,0.0
TXN-0353,88.92643438365366,in_store,Discover,Tokyo,evening,Sunday,8,0,67,76,0.0
TXN-0354,36.59121812812042,online,Mastercard,London,afternoon,Tuesday,16,0,235,66,0.0
TXN-0355,514.1970735544455,online,Amex,Berlin,afternoon,Wednesday,23,1,20,67,0.0
TXN-0356,13.434536333697215,online,Mastercard,London,late_night,Monday,20,0,1041,61,0.0
TXN-0357,440.6736889036453,online,Amex,London,evening,Monday,18,1,28,95,0.0
TXN-0358,1408.627727693576,online,Mastercard,New York,evening,Thursday,6,0,210,79,0.0
TXN-0359,428.3912227887722,online,Visa,London,evening,Saturday,22,0,275,96,0.0
TXN-0360,245.65034611195364,in_store,Discover,Singapore,evening,Monday,8,0,1540,23,0.0
TXN-0361,515.413578922491,online,Mastercard,New York,morning,Saturday,6,0,66,21,0.0
TXN-0362,306.47798702554564,online,Amex,Paris,evening,Saturday,12,1,44,78,0.0
TXN-0363,394.4071802881601,online,Discover,Tokyo,afternoon,Thursday,10,0,3,46,0.0
TXN-0364,1419.0635731164996,online,Discover,New York,afternoon,Thursday,13,1,61,46,0.0
TXN-0365,243.96376367509356,online,Amex,Berlin,morning,Thursday,18,0,84,98,0.0
TXN-0366,1624.545930753377,online,Mastercard,Paris,afternoon,Monday,10,0,363,91,0.0
TXN-0367,1178.7880918849596,online,Visa,New York,afternoon,Sunday,12,0,90,26,1.0
TXN-0368,108.948130470225,in_store,Visa,New York,evening,Thursday,13,0,7,82,0.0
TXN-0369,35.94207765157851,atm,Mastercard,Tokyo,afternoon,Monday,12,0,639,65,0.0
TXN-0370,53.112667740815105,online,Discover,Singapore,morning,Thursday,0,0,166,82,0.0
TXN-0371,9.194943923616853,online,Discover,Berlin,evening,Friday,7,1,159,31,1.0
TXN-0372,49.60250582787707,in_store,Discover,Sydney,late_night,Saturday,11,1,131,32,0.0
TXN-0373,574.4374362885835,online,Discover,Sydney,evening,Thursday,18,1,1351,62,0.0
TXN-0374,36.92481347321351,online,Mastercard,New York,morning,Tuesday,11,1,68,36,0.0
TXN-0375,192.07859414743425,online,Discover,London,evening,Saturday,7,0,834,82,0.0
TXN-0376,931.7630200486385,in_store,Amex,Berlin,evening,Saturday,7,0,547,55,0.0
TXN-0377,11.773501590355755,in_store,Discover,Paris,morning,Thursday,20,1,29,27,0.0
TXN-0378,842.2652530929793,online,Visa,London,evening,Sunday,12,0,1577,88,0.0
TXN-0379,165.54173341981473,online,Discover,London,morning,Wednesday,11,0,115,99,0.0
TXN-0380,62.875059914553816,online,Mastercard,Berlin,morning,Sunday,15,0,37,55,0.0
TXN-0381,596.5777042199567,in_store,Visa,Singapore,late_night,Thursday,0,0,645,47,0.0
TXN-0382,495.69958821661015,online,Mastercard,New York,afternoon,Saturday,12,0,447,66,0.0
TXN-0383,1049.7079070434734,online,Mastercard,New York,afternoon,Tuesday,6,3,350,95,0.0
TXN-0384,664.1467893822002,in_store,Visa,New York,evening,Saturday,4,2,61,49,0.0
TXN-0385,813.4979029969891,online,Mastercard,New York,evening,Sunday,7,1,237,42,0.0
TXN-0386,165.6669311533693,in_store,Mastercard,Sydney,late_night,Tuesday,13,1,553,35,0.0
TXN-0387,97.66664802022349,online,Discover,New York,late_night,Monday,22,0,132,33,0.0
TXN-0388,694.3781980027123,online,Amex,Sydney,late_night,Friday,12,0,136,93,0.0
TXN-0389,822.1045916217098,online,Mastercard,Sydney,morning,Saturday,14,3,1,90,0.0
TXN-0390,2328.5024450701153,in_store,Mastercard,Singapore,late_night,Thursday,22,0,69,71,0.0
TXN-0391,266.0396770763025,in_store,Mastercard,New York,late_night,Monday,16,0,760,56,0.0
TXN-0392,232.62195598086635,in_store,Discover,Tokyo,evening,Friday,14,0,212,48,0.0
TXN-0393,748.9772516717935,online,Amex,Paris,late_night,Thursday,19,0,1514,86,0.0
TXN-0394,208.36683546537657,in_store,Visa,London,morning,Wednesday,17,0,183,34,0.0
TXN-0395,1335.0689621996632,online,Discover,Sydney,morning,Thursday,17,0,458,66,0.0
TXN-0396,977.4195785831246,online,Discover,Berlin,evening,Tuesday,1,0,120,65,0.0
TXN-0397,280.17780472107984,in_store,Amex,Berlin,late_night,Tuesday,3,1,165,71,0.0
TXN-0398,694.8923582477305,online,Amex,Paris,late_night,Wednesday,0,1,77,38,0.0
TXN-0399,702.3164934275086,online,Discover,Berlin,morning,Monday,3,0,155,96,0.0
TXN-0400,54.41875940335901,online,Visa,Tokyo,late_night,Friday,17,0,289,40,0.0
TXN-0401,1164.222840433816,online,Discover,Berlin,late_night,Thursday,4,0,1752,83,0.0
TXN-0402,351.8537448783772,online,Amex,London,late_night,Tuesday,18,0,398,56,0.0
TXN-0403,875.666278761665,online,Visa,London,afternoon,Monday,14,1,81,46,0.0
TXN-0404,192.86771308225414,online,Amex,Sydney,evening,Wednesday,7,0,16,74,1.0
TXN-0405,1129.3952572729631,in_store,Visa,New York,afternoon,Sunday,19,0,49,48,0.0
TXN-0406,246.4942270300856,in_store,Mastercard,Singapore,evening,Saturday,16,2,301,39,0.0
TXN-0407,5.448403307587739,online,Amex,Tokyo,morning,Sunday,0,0,528,44,0.0
TXN-0408,1178.9536484812268,online,Amex,Sydney,late_night,Sunday,11,2,1029,89,0.0
TXN-0409,47.86280527423763,online,Discover,Tokyo,evening,Tuesday,18,1,5,82,1.0
TXN-0410,192.32681669251943,online,Amex,New York,afternoon,Wednesday,14,2,270,55,0.0
TXN-0411,1498.4861915941428,online,Amex,Berlin,late_night,Thursday,8,0,232,21,0.0
TXN-0412,1503.9747700519947,in_store,Mastercard,Berlin,morning,Sunday,6,1,389,41,0.0
TXN-0413,425.9986455276319,online,Amex,Singapore,evening,Sunday,1,0,299,35,1.0
TXN-0414,499.61504019526234,online,Mastercard,New York,evening,Friday,8,1,424,37,0.0
TXN-0415,297.5073318114288,online,Mastercard,Sydney,evening,Tuesday,9,0,391,88,0.0
TXN-0416,173.51138937309852,online,Mastercard,Singapore,late_night,Tuesday,1,0,45,73,0.0
TXN-0417,199.24316727519488,atm,Mastercard,New York,afternoon,Thursday,18,0,586,49,0.0
TXN-0418,558.1617899642531,in_store,Visa,Paris,afternoon,Saturday,10,0,48,64,0.0
TXN-0419,697.9189368315386,online,Discover,London,evening,Monday,12,0,437,38,0.0
TXN-0420,784.0977081105743,in_store,Visa,Singapore,morning,Friday,9,0,196,53,0.0
TXN-0421,779.4155159243709,online,Amex,Singapore,morning,Tuesday,13,0,263,32,0.0
TXN-0422,47.81847327015972,in_store,Visa,Sydney,afternoon,Friday,17,1,852,62,0.0
TXN-0423,341.024798286678,in_store,Visa,Tokyo,morning,Tuesday,18,0,805,81,0.0
TXN-0424,29.640853224368897,online,Amex,Paris,afternoon,Friday,21,1,621,41,0.0
TXN-0425,398.7306578476965,online,Amex,Sydney,evening,Wednesday,8,0,260,71,0.0
TXN-0426,291.27763749364175,online,Amex,New York,afternoon,Sunday,6,0,486,71,0.0
TXN-0427,1093.3093321104006,online,Visa,New York,afternoon,Tuesday,2,1,262,55,0.0
TXN-0428,216.09580973394256,in_store,Visa,New York,evening,Friday,19,0,743,92,0.0
TXN-0429,62.252988776225436,online,Amex,New York,morning,Monday,5,1,188,38,0.0
TXN-0430,77.15382727105968,online,Discover,Tokyo,afternoon,Wednesday,20,0,1282,57,0.0
TXN-0431,716.7152735395468,in_store,Discover,Paris,afternoon,Wednesday,1,0,982,89,0.0
TXN-0432,481.4528398740175,atm,Mastercard,Berlin,evening,Monday,5,1,493,98,0.0
TXN-0433,53.304356122692724,online,Amex,London,morning,Friday,2,0,119,76,0.0
TXN-0434,43.92776083430254,online,Mastercard,Tokyo,afternoon,Thursday,15,0,51,39,0.0
TXN-0435,603.6042358265498,online,Discover,Tokyo,evening,Monday,7,0,704,28,0.0
TXN-0436,37.77304476289857,online,Mastercard,Berlin,afternoon,Friday,1,1,65,51,0.0
TXN-0437,862.5929269042907,atm,Amex,Berlin,late_night,Monday,16,0,702,23,0.0
TXN-0438,612.4998765650025,online,Amex,London,evening,Monday,8,0,246,69,0.0
TXN-0439,42.42437529015603,online,Amex,London,morning,Tuesday,11,0,190,24,0.0
TXN-0440,44.32693388890335,online,Visa,Berlin,morning,Friday,2,0,852,39,0.0
TXN-0441,2157.729281029046,online,Mastercard,New York,morning,Thursday,10,0,337,94,0.0
TXN-0442,234.4187912761448,in_store,Discover,Tokyo,morning,Sunday,0,0,313,56,0.0
TXN-0443,231.52763023765624,in_store,Discover,Sydney,afternoon,Tuesday,22,1,298,41,0.0
TXN-0444,837.7877016413386,online,Discover,London,afternoon,Monday,12,1,169,77,0.0
TXN-0445,1471.0822689816218,online,Visa,London,morning,Sunday,14,1,562,87,0.0
TXN-0446,2134.386969800992,online,Visa,Berlin,morning,Saturday,4,0,106,63,1.0
TXN-0447,699.9496150581709,atm,Amex,Paris,morning,Sunday,20,0,1020,53,0.0
TXN-0448,236.01049980956282,in_store,Discover,Sydney,afternoon,Monday,16,1,819,96,0.0
TXN-0449,43.59699684897863,online,Visa,Sydney,morning,Monday,22,1,150,61,0.0
TXN-0450,750.6212702273128,in_store,Amex,London,morning,Friday,23,1,477,28,0.0
TXN-0451,408.68020378074647,in_store,Discover,New York,late_night,Friday,5,1,310,26,0.0
TXN-0452,276.01656265248687,online,Mastercard,Paris,late_night,Tuesday,20,1,150,87,0.0
TXN-0453,1184.1188377390451,atm,Amex,Sydney,morning,Thursday,21,1,1630,38,1.0
TXN-0454,58.94010398594012,online,Visa,London,evening,Tuesday,10,1,9,50,0.0
TXN-0455,339.25255468647714,online,Visa,Sydney,morning,Wednesday,17,1,106,54,0.0
TXN-0456,5.7092947162708345,online,Amex,Singapore,late_night,Monday,3,2,267,76,0.0
TXN-0457,316.1771847914631,online,Amex,Paris,evening,Sunday,2,0,269,80,0.0
TXN-0458,28.97521553296289,online,Visa,Paris,evening,Saturday,12,0,324,50,0.0
TXN-0459,63.245497965585606,in_store,Mastercard,Singapore,morning,Monday,22,1,508,72,0.0
TXN-0460,62.513116003728136,online,Discover,Tokyo,late_night,Monday,8,0,356,51,0.0
TXN-0461,523.7841932034858,in_store,Mastercard,Singapore,late_night,Tuesday,20,1,334,85,0.0
TXN-0462,685.2988587982363,online,Amex,Berlin,evening,Saturday,5,0,20,78,0.0
TXN-0463,437.7768886014343,online,Mastercard,Berlin,morning,Saturday,11,1,172,29,0.0
TXN-0464,1637.3601045511884,online,Visa,London,afternoon,Saturday,1,0,96,21,0.0
TXN-0465,234.89828896013358,online,Amex,Paris,afternoon,Tuesday,2,1,112,85,0.0
TXN-0466,168.23457871027935,in_store,Discover,Tokyo,late_night,Monday,2,0,294,79,0.0
TXN-0467,1014.7512690851148,online,Visa,Tokyo,afternoon,Tuesday,11,0,81,36,0.0
TXN-0468,126.54103386592669,online,Visa,Sydney,late_night,Friday,14,0,127,35,1.0
TXN-0469,1651.4350531259554,online,Discover,Sydney,late_night,Friday,8,1,98,35,0.0
TXN-0470,6.114472179484654,in_store,Discover,Singapore,late_night,Tuesday,22,0,1082,65,0.0
TXN-0471,1751.263461439741,atm,Mastercard,Tokyo,afternoon,Saturday,7,0,1056,58,0.0
TXN-0472,22.05949930925095,in_store,Amex,Singapore,late_night,Monday,10,0,343,50,0.0
TXN-0473,1108.8606145800045,online,Discover,Singapore,evening,Tuesday,15,0,943,20,0.0
TXN-0474,375.07162517469516,online,Discover,Sydney,morning,Tuesday,21,0,562,30,0.0
TXN-0475,2478.414303963016,online,Amex,Paris,morning,Tuesday,3,0,325,23,0.0
TXN-0476,38.33068797722747,online,Discover,Singapore,late_night,Wednesday,0,1,2,90,1.0
TXN-0477,403.5548318666744,online,Discover,New York,morning,Friday,23,0,540,45,0.0
TXN-0478,1741.7876106280025,online,Mastercard,Paris,afternoon,Sunday,6,0,442,69,0.0
TXN-0479,370.22196659052196,online,Visa,Tokyo,afternoon,Saturday,1,1,348,31,0.0
TXN-0480,496.3141451905937,online,Visa,Tokyo,morning,Thursday,23,0,521,94,0.0
TXN-0481,594.9506190583871,in_store,Visa,Singapore,afternoon,Sunday,4,0,262,84,0.0
TXN-0482,303.06387783847543,online,Visa,Paris,morning,Saturday,6,1,444,66,0.0
TXN-0483,493.83708650401104,online,Discover,Sydney,morning,Thursday,3,1,998,72,0.0
TXN-0484,438.9129309028778,in_store,Amex,Sydney,morning,Wednesday,4,0,172,90,0.0
TXN-0485,1157.1163847413238,online,Amex,Berlin,late_night,Tuesday,23,1,449,21,0.0
TXN-0486,23.25573087174049,in_store,Mastercard,Tokyo,morning,Wednesday,0,3,235,43,0.0
TXN-0487,164.92136294937924,online,Mastercard,London,late_night,Wednesday,0,1,409,23,1.0
TXN-0488,1501.9980029304656,online,Discover,Berlin,morning,Sunday,14,1,525,38,0.0
TXN-0489,1104.8379142267431,in_store,Amex,Sydney,morning,Monday,19,1,16,45,0.0
TXN-0490,304.08763097981,in_store,Amex,Paris,morning,Sunday,18,0,379,94,0.0
TXN-0491,483.9665143694886,in_store,Visa,Sydney,afternoon,Friday,9,0,93,59,0.0
TXN-0492,162.43670994756508,online,Discover,Paris,late_night,Thursday,17,1,404,69,0.0
TXN-0493,104.20208071803225,online,Discover,Berlin,late_night,Tuesday,2,0,230,62,0.0
TXN-0494,311.5292994020494,online,Visa,Tokyo,morning,Sunday,10,1,542,94,0.0
TXN-0495,217.97676730836668,online,Discover,Sydney,morning,Thursday,14,0,48,86,0.0
TXN-0496,438.1218530033215,atm,Discover,Singapore,afternoon,Saturday,10,0,359,31,0.0
TXN-0497,40.46114221659239,online,Mastercard,Paris,afternoon,Thursday,16,0,119,86,0.0
TXN-0498,1832.4800612612837,atm,Amex,Tokyo,afternoon,Saturday,16,0,699,46,0.0
TXN-0499,2141.9327877762694,online,Discover,London,late_night,Sunday,5,0,962,73,0.0
